S0,K,T,r,sigma,M,N,method,price,delta,gamma,vega,vanna,volga,delta_analytical,gamma_analytical,vega_analytical,vanna_analytical,volga_analytical,delta_error_pct,gamma_error_pct,vega_error_pct,vanna_error_pct,volga_error_pct,time_ms,n_pde_solves,graph_nodes,graph_edges,graph_max_fan_in
95,100.0,0.5,0.05,0.15,51,50,Analytical,2.9303337620006857,0.4227502771471411,0.03884765532478793,26.295006697965835,0.7853022359843628,10.279543271133466,0.4227502771471411,0.03884765532478793,26.295006697965835,0.7853022359843628,10.279543271133466,0.0,0.0,0.0,0.0,0.0,0.3407401964068413,0,0,0,0
95,100.0,0.5,0.05,0.15,51,50,Bumping,2.8743600973570778,0.6073362811376795,0.038120529807926185,26.257451054896872,-0.3690184291528731,22.33261565253386,0.4227502771471411,0.03884765532478793,26.295006697965835,0.7853022359843628,10.279543271133466,43.66313021393762,1.871735915031604,0.14282423845842956,146.99062504136572,117.25299523031603,31.93750698119402,5,0,0,0
95,100.0,0.5,0.05,0.15,51,50,AAD+Bumping,2.9276036849304106,0.413609723260095,0.03998659334972787,25.959772122859,0.9842934973628453,23.817108667098985,0.4227502771471411,0.03884765532478793,26.295006697965835,0.7853022359843628,10.279543271133466,2.1621639017553305,2.931806348202464,1.2748982305175394,25.339449228620932,131.69423036508908,3024.984283838421,5,33630,67066,2
95,100.0,0.5,0.05,0.15,51,50,Double-AAD,2.9276036849304106,0.413609723260095,0.03998659334969883,25.959772122859,0.9807679641904453,23.414101594336127,0.4227502771471411,0.03884765532478793,26.295006697965835,0.7853022359843628,10.279543271133466,2.1621639017553305,2.9318063481277123,1.2748982305175394,24.89050957063297,127.77375391848891,45800.647964002565,3,33630,67066,2
95,100.0,0.5,0.05,0.15,51,50,Edge-Pushing,2.9276036849304106,0.413609723260095,0.03998659334969883,25.959772122859,0.9807679641904453,23.414101594336127,0.4227502771471411,0.03884765532478793,26.295006697965835,0.7853022359843628,10.279543271133466,2.1621639017553305,2.9318063481277123,1.2748982305175394,24.89050957063297,127.77375391848891,44355.997475096956,1,33630,67066,2
95,100.0,0.5,0.05,0.2,51,50,Analytical,4.254540648120496,0.45413894416307565,0.029497767155615372,26.621734857942876,0.5085212948982302,3.93560640105476,0.45413894416307565,0.029497767155615372,26.621734857942876,0.5085212948982302,3.93560640105476,0.0,0.0,0.0,0.0,0.0,0.4972859751433134,0,0,0,0
95,100.0,0.5,0.05,0.2,51,50,Bumping,4.20436586449038,0.5943505419741458,0.028096896163165568,26.78563892681698,-0.17267644512012348,4.083254504614331,0.45413894416307565,0.029497767155615372,26.621734857942876,0.5085212948982302,3.93560640105476,30.87416298759922,4.749074684397347,0.6156776399010707,133.95658094410402,3.751597302006638,34.773924853652716,5,0,0,0
95,100.0,0.5,0.05,0.2,51,50,AAD+Bumping,4.244629122687033,0.45090663786584917,0.030102474179538596,26.583199341740833,0.574248775706479,6.111980394373973,0.45413894416307565,0.029497767155615372,26.621734857942876,0.5085212948982302,3.93560640105476,0.7117439142294308,2.0500094828638864,0.14475208474456333,12.925216990451272,55.299584651959464,2985.0387750193477,5,33630,67066,2
95,100.0,0.5,0.05,0.2,51,50,Double-AAD,4.244629122687033,0.45090663786584917,0.030102474179525288,26.583199341740833,0.5727913114519573,6.044592947615702,0.45413894416307565,0.029497767155615372,26.621734857942876,0.5085212948982302,3.93560640105476,0.7117439142294308,2.0500094828187683,0.14475208474456333,12.63860868728996,53.587333987355144,46611.65247717872,3,33630,67066,2
95,100.0,0.5,0.05,0.2,51,50,Edge-Pushing,4.244629122687033,0.45090663786584917,0.030102474179525288,26.583199341740833,0.5727913114519573,6.044592947615702,0.45413894416307565,0.029497767155615372,26.621734857942876,0.5085212948982302,3.93560640105476,0.7117439142294308,2.0500094828187683,0.14475208474456333,12.63860868728996,53.587333987355144,47449.857029132545,1,33630,67066,2
95,100.0,0.5,0.05,0.3,51,50,Analytical,6.928198173791181,0.4928665895595162,0.01979296101281413,26.794720971097135,0.3058251949415246,0.36736024858869476,0.4928665895595162,0.01979296101281413,26.794720971097135,0.3058251949415246,0.36736024858869476,0.0,0.0,0.0,0.0,0.0,0.457945978268981,0,0,0,0
95,100.0,0.5,0.05,0.3,51,50,Bumping,6.89223732991151,0.5868967613946428,0.018538470102120747,26.903899020136677,-0.008574019914942,-0.38250127196270967,0.4928665895595162,0.01979296101281413,26.794720971097135,0.3058251949415246,0.36736024858869476,19.078219913255438,6.338065890602292,0.4074610411405669,102.80356885461363,204.1215736956252,73.29343678429723,5,0,0,0
95,100.0,0.5,0.05,0.3,51,50,AAD+Bumping,6.918892395376154,0.4924425126191887,0.01997174172132521,26.81440991575191,0.3158256306623697,0.23672393249150048,0.4928665895595162,0.01979296101281413,26.794720971097135,0.3058251949415246,0.36736024858869476,0.08604294738389211,0.9032539820360149,0.07348068552761701,3.2699842544879982,35.56081982170526,2979.7487701289356,5,33630,67066,2
95,100.0,0.5,0.05,0.3,51,50,Double-AAD,6.918892395376154,0.4924425126191887,0.0199717417213106,26.81440991575191,0.31563394844350723,0.2427344112131595,0.4928665895595162,0.01979296101281413,26.794720971097135,0.3058251949415246,0.36736024858869476,0.08604294738389211,0.9032539819622017,0.07348068552761701,3.207307201703284,33.924693228055084,50232.837232993916,3,33630,67066,2
95,100.0,0.5,0.05,0.3,51,50,Edge-Pushing,6.918892395376154,0.4924425126191887,0.0199717417213106,26.81440991575191,0.31563394844350723,0.2427344112131595,0.4928665895595162,0.01979296101281413,26.794720971097135,0.3058251949415246,0.36736024858869476,0.08604294738389211,0.9032539819622017,0.07348068552761701,3.207307201703284,33.924693228055084,49976.49871301837,1,33630,67066,2
95,100.0,1.0,0.05,0.15,51,50,Analytical,5.622017065205753,0.5264615723820839,0.027934341697862023,37.81611507348071,0.22191282524451808,-1.3993630926381806,0.5264615723820839,0.027934341697862023,37.81611507348071,0.22191282524451808,-1.3993630926381806,0.0,0.0,0.0,0.0,0.0,0.538818072527647,0,0,0,0
95,100.0,1.0,0.05,0.15,51,50,Bumping,5.5674671430766125,0.654640600420319,0.025144775484480488,38.183491497559885,-0.5831855470653236,-5.532975909900983,0.5264615723820839,0.027934341697862023,37.81611507348071,0.22191282524451808,-1.3993630926381806,24.347271436785533,9.986153400547243,0.9714811353977643,362.7993881934185,295.39244239104636,37.86774608306587,5,0,0,0
95,100.0,1.0,0.05,0.15,51,50,AAD+Bumping,5.605683941476289,0.5230502187849775,0.028527816720325117,37.909629932857726,0.315227006144303,-1.4719950464620268,0.5264615723820839,0.027934341697862023,37.81611507348071,0.22191282524451808,-1.3993630926381806,0.6479777017097474,2.1245355587116466,0.24728838273129664,42.0499269462976,5.190357971133512,3314.8401610087603,5,33630,67066,2
95,100.0,1.0,0.05,0.15,51,50,Double-AAD,5.605683941476289,0.5230502187849775,0.028527816720294988,37.909629932857726,0.31339170358449514,-1.5384490560584365,0.5264615723820839,0.027934341697862023,37.81611507348071,0.22191282524451808,-1.3993630926381806,0.6479777017097474,2.1245355586037915,0.24728838273129664,41.22288932114655,9.93923336637677,48023.83646508679,3,33630,67066,2
95,100.0,1.0,0.05,0.15,51,50,Edge-Pushing,5.605683941476289,0.5230502187849775,0.028527816720294988,37.909629932857726,0.31339170358449514,-1.5384490560584365,0.5264615723820839,0.027934341697862023,37.81611507348071,0.22191282524451808,-1.3993630926381806,0.6479777017097474,2.1245355586037915,0.24728838273129664,41.22288932114655,9.93923336637677,48089.222721988335,1,33630,67066,2
95,100.0,1.0,0.05,0.2,51,50,Analytical,7.510872178352699,0.5372601425532524,0.020905316532665346,37.73409634146095,0.21144295311761133,-1.878815511954098,0.5372601425532524,0.020905316532665346,37.73409634146095,0.21144295311761133,-1.878815511954098,0.0,0.0,0.0,0.0,0.0,0.5256601143628359,0,0,0,0
95,100.0,1.0,0.05,0.2,51,50,Bumping,7.470410731482158,0.6345991723804478,0.01902233702100495,37.947194781467395,-0.26394018892375026,-4.177894772263713,0.5372601425532524,0.020905316532665346,37.73409634146095,0.21144295311761133,-1.878815511954098,18.117671890679542,9.007180105205142,0.5647370963334887,224.8280848484642,122.36854793254359,69.61655616760254,5,0,0,0
95,100.0,1.0,0.05,0.2,51,50,AAD+Bumping,7.49862689032527,0.5363136046063863,0.02113623723684066,37.80074853091475,0.235794078610152,-2.6206751225373637,0.5372601425532524,0.020905316532665346,37.73409634146095,0.21144295311761133,-1.878815511954098,0.17617870225171892,1.104602763677326,0.1766365062797856,11.516640840234482,39.48549529547372,3327.321857213974,5,33630,67066,2
95,100.0,1.0,0.05,0.2,51,50,Double-AAD,7.49862689032527,0.5363136046063863,0.02113623723686535,37.80074853091475,0.23556954537452704,-2.593342351019432,0.5372601425532524,0.020905316532665346,37.73409634146095,0.21144295311761133,-1.878815511954098,0.17617870225171892,1.104602763795423,0.1766365062797856,11.410449911516196,38.030707885851804,50187.72996705957,3,33630,67066,2
95,100.0,1.0,0.05,0.2,51,50,Edge-Pushing,7.49862689032527,0.5363136046063863,0.02113623723686535,37.80074853091475,0.23556954537452704,-2.593342351019432,0.5372601425532524,0.020905316532665346,37.73409634146095,0.21144295311761133,-1.878815511954098,0.17617870225171892,1.104602763795423,0.1766365062797856,11.410449911516196,38.030707885851804,50071.62116304971,1,33630,67066,2
95,100.0,1.0,0.05,0.3,51,50,Analytical,11.273324407848385,0.5579165546642979,0.01385020471536354,37.49942926684678,0.2030376746684524,-2.8101341604072707,0.5579165546642979,0.01385020471536354,37.49942926684678,0.2030376746684524,-2.8101341604072707,0.0,0.0,0.0,0.0,0.0,0.5167950876057148,0,0,0,0
95,100.0,1.0,0.05,0.3,51,50,Bumping,11.217381303233468,0.6157726430044904,0.011954497058873277,36.22873322137474,-0.27808114475569856,-52.180948559854556,0.5579165546642979,0.01385020471536354,37.49942926684678,0.2030376746684524,-2.8101341604072707,10.370025383994012,13.687217593162519,3.388574360504906,236.96036718790606,1756.8846034130984,146.07336116023362,5,0,0,0
95,100.0,1.0,0.05,0.3,51,50,AAD+Bumping,11.236943280387692,0.5540375736446463,0.013438927021702796,36.21991142345925,0.04745167539086381,-51.07125724084405,0.5579165546642979,0.01385020471536354,37.49942926684678,0.2030376746684524,-2.8101341604072707,0.695261860796651,2.969470142232116,3.4120995129884593,76.62912783632429,1717.3956944974589,3284.522924106568,5,33630,67066,2
95,100.0,1.0,0.05,0.3,51,50,Double-AAD,11.236943280387692,0.5540375736446463,0.013438927021745565,36.21991142345925,0.0488323207046788,-50.8246213853977,0.5579165546642979,0.01385020471536354,37.49942926684678,0.2030376746684524,-2.8101341604072707,0.695261860796651,2.9694701419233147,3.4120995129884593,75.94913319194634,1708.6190368232,52654.87912297249,3,33630,67066,2
95,100.0,1.0,0.05,0.3,51,50,Edge-Pushing,11.236943280387692,0.5540375736446463,0.013438927021745565,36.21991142345925,0.0488323207046788,-50.8246213853977,0.5579165546642979,0.01385020471536354,37.49942926684678,0.2030376746684524,-2.8101341604072707,0.695261860796651,2.9694701419233147,3.4120995129884593,75.94913319194634,1708.6190368232,53013.00870813429,1,33630,67066,2
100,100.0,0.5,0.05,0.15,51,50,Analytical,5.527115118656425,0.6136080145575221,0.03607702034739108,27.057765260543313,-0.46599484615380143,9.514061442306781,0.6136080145575221,0.03607702034739108,27.057765260543313,-0.46599484615380143,9.514061442306781,0.0,0.0,0.0,0.0,0.0,0.5110867787152529,0,0,0,0
100,100.0,0.5,0.05,0.15,51,50,Bumping,5.350445476458328,0.6073362811376795,0.038120529807926185,28.54327564530399,-0.3690184291528731,-17.833916110490122,0.6136080145575221,0.03607702034739108,27.057765260543313,-0.46599484615380143,9.514061442306781,1.022107480842678,5.664296665461395,5.490144402009819,20.81062007473819,287.4479812710365,32.05911791883409,5,0,0,0
100,100.0,0.5,0.05,0.15,51,50,AAD+Bumping,5.499622506490185,0.6116763756499268,0.037065573910510796,27.376318568108978,-0.3898232280936831,3.778188964462359,0.6136080145575221,0.03607702034739108,27.057765260543313,-0.46599484615380143,9.514061442306781,0.31480014305031706,2.7401197593392745,1.1773082680637779,16.346021568439824,60.288369090600504,3307.1297630667686,5,33630,67066,2
100,100.0,0.5,0.05,0.15,51,50,Double-AAD,5.499622506490185,0.6116763756499268,0.03706557391048362,27.376318568108978,-0.38972554047002234,3.701759168188636,0.6136080145575221,0.03607702034739108,27.057765260543313,-0.46599484615380143,9.514061442306781,0.31480014305031706,2.740119759263937,1.1773082680637779,16.36698480965741,61.09170420397132,45469.518339959905,3,33630,67066,2
100,100.0,0.5,0.05,0.15,51,50,Edge-Pushing,5.499622506490185,0.6116763756499268,0.03706557391048362,27.376318568108978,-0.38972554047002234,3.701759168188636,0.6136080145575221,0.03607702034739108,27.057765260543313,-0.46599484615380143,9.514061442306781,0.31480014305031706,2.740119759263937,1.1773082680637779,16.36698480965741,61.09170420397132,45731.93301493302,1,33630,67066,2
100,100.0,0.5,0.05,0.2,51,50,Analytical,6.888728577680624,0.5977344689084383,0.027358658565220986,27.35865856522099,-0.2051899392391573,3.5908239366852532,0.5977344689084383,0.027358658565220986,27.35865856522099,-0.2051899392391573,3.5908239366852532,0.0,0.0,0.0,0.0,0.0,0.4783058539032936,0,0,0,0
100,100.0,0.5,0.05,0.2,51,50,Bumping,6.762928924902795,0.5943505419741458,0.028096896163165568,28.068609327828618,-0.17267644512012348,-4.788473752137534,0.5977344689084383,0.027358658565220986,27.35865856522099,-0.2051899392391573,3.5908239366852532,0.5661254470521111,2.6983691330650554,2.5949765077668565,15.845559601798021,233.35306427075486,34.02754990383983,5,0,0,0
100,100.0,0.5,0.05,0.2,51,50,AAD+Bumping,6.871867852553818,0.5975823070069481,0.027722058610613054,27.496926914209617,-0.19082950745579197,1.5802110066374553,0.5977344689084383,0.027358658565220986,27.35865856522099,-0.2051899392391573,3.5908239366852532,0.02545643749941626,1.3282816645624274,0.5053915514863674,6.998604237914244,55.99308029298219,2908.4969649557024,5,33630,67066,2
100,100.0,0.5,0.05,0.2,51,50,Double-AAD,6.871867852553818,0.5975823070069481,0.027722058610607732,27.496926914209617,-0.1902111733001453,1.5762001643361612,0.5977344689084383,0.027358658565220986,27.35865856522099,-0.2051899392391573,3.5908239366852532,0.02545643749941626,1.3282816645429742,0.5053915514863674,7.299951447206979,56.10477728431385,47328.19099002518,3,33630,67066,2
100,100.0,0.5,0.05,0.2,51,50,Edge-Pushing,6.871867852553818,0.5975823070069481,0.027722058610607732,27.496926914209617,-0.1902111733001453,1.5762001643361612,0.5977344689084383,0.027358658565220986,27.35865856522099,-0.2051899392391573,3.5908239366852532,0.02545643749941626,1.3282816645429742,0.5053915514863674,7.299951447206979,56.10477728431385,47348.77058304846,1,33630,67066,2
100,100.0,0.5,0.05,0.3,51,50,Analytical,9.634876628449184,0.5885891135975726,0.0183407160648456,27.511074097268406,-0.015283930054038018,0.24199555918893534,0.5885891135975726,0.0183407160648456,27.511074097268406,-0.015283930054038018,0.24199555918893534,0.0,0.0,0.0,0.0,0.0,0.48183114267885685,0,0,0,0
100,100.0,0.5,0.05,0.3,51,50,Bumping,9.554096576559422,0.5868967613946428,0.018538470102120747,27.794024329705902,-0.008574019914942,-2.268444228032962,0.5885891135975726,0.0183407160648456,27.511074097268406,-0.015283930054038018,0.24199555918893534,0.28752692902963456,1.0782241902440732,1.0284957666032775,43.901732835549446,1037.3908494998038,73.63247987814248,5,0,0,0
100,100.0,0.5,0.05,0.3,51,50,AAD+Bumping,9.625901626518866,0.5889678888003511,0.018426773579371947,27.550282093376353,-0.015778056277027108,-0.639205164764256,0.5885891135975726,0.0183407160648456,27.511074097268406,-0.015283930054038018,0.24199555918893534,0.06435307653982342,0.46921567414314636,0.1425171404406942,3.232978829673077,364.13921268084255,2933.228845940903,5,33630,67066,2
100,100.0,0.5,0.05,0.3,51,50,Double-AAD,9.625901626518866,0.5889678888003511,0.018426773579342717,27.550282093376353,-0.015539862051282811,-0.6176802104467317,0.5885891135975726,0.0183407160648456,27.511074097268406,-0.015283930054038018,0.24199555918893534,0.06435307653982342,0.46921567398377373,0.1425171404406942,1.6745169360231114,355.24444023556845,50421.09075910412,3,33630,67066,2
100,100.0,0.5,0.05,0.3,51,50,Edge-Pushing,9.625901626518866,0.5889678888003511,0.018426773579342717,27.550282093376353,-0.015539862051282811,-0.6176802104467317,0.5885891135975726,0.0183407160648456,27.511074097268406,-0.015283930054038018,0.24199555918893534,0.06435307653982342,0.46921567398377373,0.1425171404406942,1.6745169360231114,355.24444023556845,50601.55706293881,1,33630,67066,2
100,100.0,1.0,0.05,0.15,51,50,Analytical,8.591658312089159,0.6584855148307418,0.024468791497288662,36.703187245932995,-0.6321104470132903,25.811176586376025,0.6584855148307418,0.024468791497288662,36.703187245932995,-0.6321104470132903,25.811176586376025,0.0,0.0,0.0,0.0,0.0,0.49193110316991806,0,0,0,0
100,100.0,1.0,0.05,0.15,51,50,Bumping,8.470894035112321,0.654640600420319,0.025144775484480488,37.64838298958226,-0.5831855470653236,10.500084506066543,0.6584855148307418,0.024468791497288662,36.703187245932995,-0.6321104470132903,25.811176586376025,0.5839026559925296,2.7626374080090175,2.5752415922788834,7.739929023343309,59.31962082035103,37.9026981536299,5,0,0,0
100,100.0,1.0,0.05,0.15,51,50,AAD+Bumping,8.567005825509742,0.6580984392838478,0.02485411559649542,37.04914031945623,-0.616074166443964,18.079610828461412,0.6584855148307418,0.024468791497288662,36.703187245932995,-0.6321104470132903,25.811176586376025,0.058782697291903774,1.5747573771653323,0.9425695681553319,2.5369428151516074,29.95433289157219,2957.5600950047374,5,33630,67066,2
100,100.0,1.0,0.05,0.15,51,50,Double-AAD,8.567005825509742,0.6580984392838478,0.024854115596486825,37.04914031945623,-0.6131282969929612,18.004538368553654,0.6584855148307418,0.024468791497288662,36.703187245932995,-0.6321104470132903,25.811176586376025,0.058782697291903774,1.5747573771302106,0.9425695681553319,3.00297995548395,30.245185420733467,47983.29901206307,3,33630,67066,2
100,100.0,1.0,0.05,0.15,51,50,Edge-Pushing,8.567005825509742,0.6580984392838478,0.024854115596486825,37.04914031945623,-0.6131282969929612,18.004538368553654,0.6584855148307418,0.024468791497288662,36.703187245932995,-0.6321104470132903,25.811176586376025,0.058782697291903774,1.5747573771302106,0.9425695681553319,3.00297995548395,30.245185420733467,47645.917704794556,1,33630,67066,2
100,100.0,1.0,0.05,0.2,51,50,Analytical,10.450583572185565,0.6368306511756191,0.018762017345846895,37.52403469169379,-0.28143026018770345,9.850059106569622,0.6368306511756191,0.018762017345846895,37.52403469169379,-0.28143026018770345,9.850059106569622,0.0,0.0,0.0,0.0,0.0,0.5764488596469164,0,0,0,0
100,100.0,1.0,0.05,0.2,51,50,Bumping,10.363666343075504,0.6345991723804478,0.01902233702100495,38.00366087020244,-0.26394018892375026,3.888222879879777,0.6368306511756191,0.018762017345846895,37.52403469169379,-0.28143026018770345,9.850059106569622,0.35040379904011487,1.3874823285763562,1.2781839225162384,6.2147088420015555,60.52589291280012,65.96917705610394,5,0,0,0
100,100.0,1.0,0.05,0.2,51,50,AAD+Bumping,10.436785190274172,0.6369638016419461,0.018892153566163472,37.65388366990917,-0.2785258944992375,7.151057465209476,0.6368306511756191,0.018762017345846895,37.52403469169379,-0.28143026018770345,9.850059106569622,0.02090830051618925,0.6936152862335111,0.3460421548009095,1.0320019199530526,27.4008674685009,3309.959928970784,5,33630,67066,2
100,100.0,1.0,0.05,0.2,51,50,Double-AAD,10.436785190274172,0.6369638016419461,0.01889215356612928,37.65388366990917,-0.27730992456753595,7.183405562895466,0.6368306511756191,0.018762017345846895,37.52403469169379,-0.28143026018770345,9.850059106569622,0.02090830051618925,0.6936152860512736,0.3460421548009095,1.4640698613643726,27.07246235604412,50137.82958406955,3,33630,67066,2
100,100.0,1.0,0.05,0.2,51,50,Edge-Pushing,10.436785190274172,0.6369638016419461,0.01889215356612928,37.65388366990917,-0.27730992456753595,7.183405562895466,0.6368306511756191,0.018762017345846895,37.52403469169379,-0.28143026018770345,9.850059106569622,0.02090830051618925,0.6936152860512736,0.3460421548009095,1.4640698613643726,27.07246235604412,50144.215194974095,1,33630,67066,2
100,100.0,1.0,0.05,0.3,51,50,Analytical,14.231254785985819,0.6242517279060125,0.012647764437231512,37.94329331169454,-0.021079607395385922,0.6675209008538876,0.6242517279060125,0.012647764437231512,37.94329331169454,-0.021079607395385922,0.6675209008538876,0.0,0.0,0.0,0.0,0.0,0.5200000014156103,0,0,0,0
100,100.0,1.0,0.05,0.3,51,50,Bumping,14.120443090919553,0.6157726430044904,0.011954497058873277,35.80006284353274,-0.27808114475569856,-77.03776839587562,0.6242517279060125,0.012647764437231512,37.94329331169454,-0.021079607395385922,0.6675209008538876,1.3582797647936449,5.481343219181467,5.648509344077493,1219.1950852773814,11640.877341418,146.39398781582713,5,0,0,0
100,100.0,1.0,0.05,0.3,51,50,AAD+Bumping,14.169295914596049,0.617601901399838,0.01191819693957541,35.66022462655264,-0.2752381912485058,-76.04957387527875,0.6242517279060125,0.012647764437231512,37.94329331169454,-0.021079607395385922,0.6675209008538876,1.0652475930632452,5.76835140531601,6.017054625140386,1205.7083373799085,11492.837853915395,3284.19756796211,5,33630,67066,2
100,100.0,1.0,0.05,0.3,51,50,Double-AAD,14.169295914596049,0.617601901399838,0.011918196939570736,35.66022462655264,-0.2735142753020463,-75.85978708011663,0.6242517279060125,0.012647764437231512,37.94329331169454,-0.021079607395385922,0.6675209008538876,1.0652475930632452,5.76835140535296,6.017054625140386,1197.5302156809396,11464.406265493317,52422.33578907326,3,33630,67066,2
100,100.0,1.0,0.05,0.3,51,50,Edge-Pushing,14.169295914596049,0.617601901399838,0.011918196939570736,35.66022462655264,-0.2735142753020463,-75.85978708011663,0.6242517279060125,0.012647764437231512,37.94329331169454,-0.021079607395385922,0.6675209008538876,1.0652475930632452,5.76835140535296,6.017054625140386,1197.5302156809396,11464.406265493317,52543.72016200796,1,33630,67066,2
105,100.0,0.5,0.05,0.15,51,50,Analytical,9.012580691611305,0.7729910302101862,0.02706521049076221,22.37954592454901,-1.2914331614681287,71.79156357228807,0.7729910302101862,0.02706521049076221,22.37954592454901,-1.2914331614681287,71.79156357228807,0.0,0.0,0.0,0.0,0.0,0.44861086644232273,0,0,0,0
105,100.0,0.5,0.05,0.15,51,50,Bumping,8.94772290873387,0.7948516277109994,0.025634688027002948,22.56726676336811,-1.373836439093018,75.14900639343125,0.7729910302101862,0.02706521049076221,22.37954592454901,-1.2914331614681287,71.79156357228807,2.8280531916222844,5.2854658723142895,0.8388053960164654,6.380762093116108,4.676653709822768,31.896471977233887,5,0,0,0
105,100.0,0.5,0.05,0.15,51,50,AAD+Bumping,8.992004415078746,0.7770831625917305,0.02754427654271252,22.66720160266587,-1.3716791000120798,65.14862666726913,0.7729910302101862,0.02706521049076221,22.37954592454901,-1.2914331614681287,71.79156357228807,0.5293893747294278,1.77004369544372,1.2853508247516257,6.2137120943004,9.25308848905354,2898.333535064012,5,33630,67066,2
105,100.0,0.5,0.05,0.15,51,50,Double-AAD,8.992004415078746,0.7770831625917305,0.027544276542676164,22.66720160266587,-1.367140020093847,64.89396401162767,0.7729910302101862,0.02706521049076221,22.37954592454901,-1.2914331614681287,71.79156357228807,0.5293893747294278,1.7700436953093912,1.2853508247516257,5.862235916232256,9.60781353329224,45732.64828789979,3,33630,67066,2
105,100.0,0.5,0.05,0.15,51,50,Edge-Pushing,8.992004415078746,0.7770831625917305,0.027544276542676164,22.66720160266587,-1.367140020093847,64.89396401162767,0.7729910302101862,0.02706521049076221,22.37954592454901,-1.2914331614681287,71.79156357228807,0.5293893747294278,1.7700436953093912,1.2853508247516257,5.862235916232256,9.60781353329224,45895.02970292233,1,33630,67066,2
105,100.0,0.5,0.05,0.2,51,50,Analytical,10.201257670827331,0.723237381065062,0.02254127578734361,24.851756555546334,-0.7549036336081234,33.20808718086585,0.723237381065062,0.02254127578734361,24.851756555546334,-0.7549036336081234,33.20808718086585,0.0,0.0,0.0,0.0,0.0,0.5094259977340698,0,0,0,0
105,100.0,0.5,0.05,0.2,51,50,Bumping,10.147871284231837,0.7414006113008236,0.021900127407905166,25.058874475615678,-0.8224863338543886,32.15565529002262,0.723237381065062,0.02254127578734361,24.851756555546334,-0.7549036336081234,33.20808718086585,2.511378796407601,2.8443304872674204,0.8334136044122793,8.952493700851354,3.169203589207724,34.657270880416036,5,0,0,0
105,100.0,0.5,0.05,0.2,51,50,AAD+Bumping,10.189638726420148,0.725255513178648,0.02272239012430788,24.962881763401512,-0.7785688753345843,31.619120184768157,0.723237381065062,0.02254127578734361,24.851756555546334,-0.7549036336081234,33.20808718086585,0.27904145532606056,0.8034786436797866,0.44715232746949357,3.1348692300434355,4.784879621170237,2935.9696530736983,5,33630,67066,2
105,100.0,0.5,0.05,0.2,51,50,Double-AAD,10.189638726420148,0.725255513178648,0.02272239012424939,24.962881763401512,-0.7768075426551544,31.501762275168034,0.723237381065062,0.02254127578734361,24.851756555546334,-0.7549036336081234,33.20808718086585,0.27904145532606056,0.8034786434203162,0.44715232746949357,2.9015503531675257,5.138281215670217,47674.634324153885,3,33630,67066,2
105,100.0,0.5,0.05,0.2,51,50,Edge-Pushing,10.189638726420148,0.725255513178648,0.02272239012424939,24.962881763401512,-0.7768075426551544,31.501762275168034,0.723237381065062,0.02254127578734361,24.851756555546334,-0.7549036336081234,33.20808718086585,0.27904145532606056,0.8034786434203162,0.44715232746949357,2.9015503531675257,5.138281215670217,47663.22977584787,1,33630,67066,2
105,100.0,0.5,0.05,0.3,51,50,Analytical,12.798550095797282,0.6750554237552501,0.01615747575849152,26.720425535605358,-0.29005185447582704,9.775199239793965,0.6750554237552501,0.01615747575849152,26.720425535605358,-0.29005185447582704,9.775199239793965,0.0,0.0,0.0,0.0,0.0,0.45744702219963074,0,0,0,0
105,100.0,0.5,0.05,0.3,51,50,Bumping,12.761204943857937,0.688047464704135,0.015852769023106898,26.818158820987215,-0.3338929919188438,7.8709085482486785,0.6750554237552501,0.01615747575849152,26.720425535605358,-0.29005185447582704,9.775199239793965,1.9245887806680868,1.8858560578343138,0.36576245857920797,15.114930922350126,19.480837626235676,74.14174312725663,5,0,0,0
105,100.0,0.5,0.05,0.3,51,50,AAD+Bumping,12.792902380097049,0.6759442500429271,0.016194777214417755,26.73619620177694,-0.2994069016710621,8.25436355468998,0.6750554237552501,0.01615747575849152,26.720425535605358,-0.29005185447582704,9.775199239793965,0.13166715745095817,0.23086190246413077,0.059021014282010106,3.2253016317172714,15.558104216564688,2888.9954588375986,5,33630,67066,2
105,100.0,0.5,0.05,0.3,51,50,Double-AAD,12.792902380097049,0.6759442500429271,0.01619477721440604,26.73619620177694,-0.29882005180293164,8.278682564864884,0.6750554237552501,0.01615747575849152,26.720425535605358,-0.29005185447582704,9.775199239793965,0.13166715745095817,0.23086190239161747,0.059021014282010106,3.022975785812582,15.309321459524785,49558.88428003527,3,33630,67066,2
105,100.0,0.5,0.05,0.3,51,50,Edge-Pushing,12.792902380097049,0.6759442500429271,0.01619477721440604,26.73619620177694,-0.29882005180293164,8.278682564864884,0.6750554237552501,0.01615747575849152,26.720425535605358,-0.29005185447582704,9.775199239793965,0.13166715745095817,0.23086190239161747,0.059021014282010106,3.022975785812582,15.309321459524785,51249.340241076425,1,33630,67066,2
105,100.0,1.0,0.05,0.15,51,50,Analytical,12.169589961941398,0.768404053146726,0.01935384480377039,32.00642084423528,-1.1859671260022384,91.35281207138507,0.768404053146726,0.01935384480377039,32.00642084423528,-1.1859671260022384,91.35281207138507,0.0,0.0,0.0,0.0,0.0,0.49386383034288883,0,0,0,0
105,100.0,1.0,0.05,0.15,51,50,Bumping,12.1138731472798,0.7836394508811005,0.01871483367218553,32.35163602690667,-1.248344413250807,87.54350322364601,0.768404053146726,0.01935384480377039,32.00642084423528,-1.1859671260022384,91.35281207138507,1.9827326094888988,3.301727062833383,1.0785810270740281,5.259613515497299,4.169886795342856,37.87164995446801,5,0,0,0
105,100.0,1.0,0.05,0.15,51,50,AAD+Bumping,12.148344553581818,0.7699897639251443,0.01958154402057488,32.32142842859349,-1.2171434724886465,85.2881043448173,0.768404053146726,0.01935384480377039,32.00642084423528,-1.1859671260022384,91.35281207138507,0.2063641871648876,1.1765063692157618,0.9842012197841529,2.628769870839511,6.638775084261972,2909.1738360002637,5,33630,67066,2
105,100.0,1.0,0.05,0.15,51,50,Double-AAD,12.148344553581818,0.7699897639251443,0.019581544020572453,32.32142842859349,-1.2132557369157224,84.80826611157092,0.768404053146726,0.01935384480377039,32.00642084423528,-1.1859671260022384,91.35281207138507,0.2063641871648876,1.1765063692032132,0.9842012197841529,2.3009584595713743,7.16403339034611,47626.081669004634,3,33630,67066,2
105,100.0,1.0,0.05,0.15,51,50,Edge-Pushing,12.148344553581818,0.7699897639251443,0.019581544020572453,32.32142842859349,-1.2132557369157224,84.80826611157092,0.768404053146726,0.01935384480377039,32.00642084423528,-1.1859671260022384,91.35281207138507,0.2063641871648876,1.1765063692032132,0.9842012197841529,2.3009584595713743,7.16403339034611,47885.87210304104,1,33630,67066,2
105,100.0,1.0,0.05,0.2,51,50,Analytical,13.857906267073105,0.7237274967629351,0.01592524393788595,35.11516288303852,-0.6587451067597503,41.08253067334541,0.7237274967629351,0.01592524393788595,35.11516288303852,-0.6587451067597503,41.08253067334541,0.0,0.0,0.0,0.0,0.0,0.4939038772135973,0,0,0,0
105,100.0,1.0,0.05,0.2,51,50,Bumping,13.816402455286635,0.736285842000746,0.015551130649896716,35.30779289222989,-0.7111642600761137,37.492345259533266,0.7237274967629351,0.01592524393788595,35.11516288303852,-0.6587451067597503,41.08253067334541,1.7352311877027486,2.3491840341561407,0.5485664692286358,7.957425835647395,8.73895876171396,65.4278970323503,5,0,0,0
105,100.0,1.0,0.05,0.2,51,50,AAD+Bumping,13.846662986362489,0.7245542605825166,0.016001076762650612,35.227113714731246,-0.6712730235334918,37.63467201639905,0.7237274967629351,0.01592524393788595,35.11516288303852,-0.6587451067597503,41.08253067334541,0.11423689486435003,0.4761799885793611,0.31881051517718795,1.9017851738381986,8.392517696538471,3017.6648180931807,5,33630,67066,2
105,100.0,1.0,0.05,0.2,51,50,Double-AAD,13.846662986362489,0.7245542605825166,0.01600107676259336,35.227113714731246,-0.6692991222130561,37.61614105903408,0.7237274967629351,0.01592524393788595,35.11516288303852,-0.6587451067597503,41.08253067334541,0.11423689486435003,0.4761799882198513,0.31881051517718795,1.6021394838466627,8.437624356379647,50668.777868151665,3,33630,67066,2
105,100.0,1.0,0.05,0.2,51,50,Edge-Pushing,13.846662986362489,0.7245542605825166,0.01600107676259336,35.227113714731246,-0.6692991222130561,37.61614105903408,0.7237274967629351,0.01592524393788595,35.11516288303852,-0.6587451067597503,41.08253067334541,0.11423689486435003,0.4761799882198513,0.31881051517718795,1.6021394838466627,8.437624356379647,50945.392238907516,1,33630,67066,2
105,100.0,1.0,0.05,0.3,51,50,Analytical,17.505059363581395,0.6841375835427315,0.011290534193298722,37.34344184433552,-0.21256189073634355,10.697508207800299,0.6841375835427315,0.011290534193298722,37.34344184433552,-0.21256189073634355,10.697508207800299,0.0,0.0,0.0,0.0,0.0,0.46828389167785645,0,0,0,0
105,100.0,1.0,0.05,0.3,51,50,Bumping,17.375107733278373,0.6798942055205353,0.009846834196582227,33.44792177381777,-0.66297869579236,-105.71944527384858,0.6841375835427315,0.011290534193298722,37.34344184433552,-0.21256189073634355,10.697508207800299,0.6202521428836494,12.786817452564605,10.43160426067864,211.89913370440524,1088.2623431572706,145.36790503188968,5,0,0,0
105,100.0,1.0,0.05,0.3,51,50,AAD+Bumping,17.39934225039071,0.6729297348287346,0.010147088765677381,33.479618406703395,-0.6006770039046705,-104.38970176742686,0.6841375835427315,0.011290534193298722,37.34344184433552,-0.21256189073634355,10.697508207800299,1.6382448477626692,10.127469684295459,10.346725547522652,182.58922698882802,1075.831938986586,2952.2371338680387,5,33630,67066,2
105,100.0,1.0,0.05,0.3,51,50,Double-AAD,17.39934225039071,0.6729297348287346,0.010147088765682011,33.479618406703395,-0.5989022467127113,-104.34419823188942,0.6841375835427315,0.011290534193298722,37.34344184433552,-0.21256189073634355,10.697508207800299,1.6382448477626692,10.127469684254452,10.346725547522652,181.75429030953373,1075.4065732410916,53654.96068401262,3,33630,67066,2
105,100.0,1.0,0.05,0.3,51,50,Edge-Pushing,17.39934225039071,0.6729297348287346,0.010147088765682011,33.479618406703395,-0.5989022467127113,-104.34419823188942,0.6841375835427315,0.011290534193298722,37.34344184433552,-0.21256189073634355,10.697508207800299,1.6382448477626692,10.127469684254452,10.346725547522652,181.75429030953373,1075.4065732410916,53164.697809144855,1,33630,67066,2
